T¡tulo;Estado;Comentarios;Fecha Creaci¢n;Fecha Actualizaci¢n;
;;;;;
"Qué es realmente el Papel Airlaid? La tecnolog¡a de ""Tejido en Seco"" explicada al detalle";Publicado;0;10/01/2026 10:24;10/01/2026 10:24;ÿÿÿ
Copas de Vino Personalizadas para Grandes Proyectos: La Gu¡a Definitiva de Resistencia HORECA, Grabado L ser y Compras por Volum;Publicado;0;16/12/2025 19:47;16/12/2025 19:47;ÿÿÿ
Servilletas Personalizadas Urgentes: Plazo R‚cord y Calidad Garantizada.;Publicado;0;16/12/2025 18:32;16/12/2025 18:32;ÿÿÿ
Servilletas Personalizadas: xito en Marketing y Control de Costes;Publicado;0;11/11/2025 14:01;16/12/2025 18:21;ÿÿÿ
Caso de xito: Por qu‚ Polibea eligi¢ una Fuente de Porcelana Personalizada como Regalo Corporativo;Publicado;0;15/12/2025 13:12;15/12/2025 13:12;ÿÿÿ
Servilletas Personalizadas: Velocidad R‚cord y Estrategia de Marketing, No Solo Tinta.;Publicado;0;29/11/2025 9:45;29/11/2025 9:45;ÿÿÿ
Normativa de Tintas para Servilletas Personalizadas: Reglamento (CE) N§ 1935/2004;Publicado;0;23/11/2025 11:53;23/11/2025 11:53;ÿÿÿ
Servilletas Personalizadas Hosteler¡a: Los 3 Secretos del xito (Celulosa, Airlaid y la Entrega m s R pida);Publicado;0;20/02/2020 17:31;22/11/2025 12:30;ÿÿÿ
Caso de xito: Vajilla Personalizada en Porcelana Europea para La Taberna del Mercantic;Publicado;0;22/11/2025 12:10;22/11/2025 12:10;ÿÿÿ
Como las Servilletas Personalizadas Impulsan la Publicidad en la Hosteler¡a: Un Caso de Éxito Real;Publicado;0;04/11/2025 19:37;18/11/2025 19:37;ÿÿÿ
